structure_ids;deposition_date;experimental_method;complex_protein_details;complex_ligand_details;mutations_in_protein;mutation_ordering;other_mutations;resolution;coverage;warnings
8TZC;2023-08-26;ELECTRON MICROSCOPY;NA;"(2~{R},6~{S})-2,6-dimethyl-4-[6-[5-(1-methylcyclopropyl)oxy-1~{H}-indazol-3-yl]pyrimidin-4-yl]morpholine, chain A;GUANOSINE-5'-DIPHOSPHATE, chain A";['G2019S'];0;{};2.7;"{'A': '[(1667, 1721);(1726, 1755);(1759, 1797);(1806, 1842);(1848, 2074);(2083, 2088);(2090, 2157)]'}";NA
8TYQ;2023-08-25;ELECTRON MICROSCOPY;NA;['4-methyl-N-{4-[(4-methylpiperazin-1-yl)methyl]-3-(trifluoromethyl)phenyl}-3-[(1H-pyrazolo[3,4-b]pyridin-5-yl)ethynyl]benzamide, chain A'];['G2019S'];0;{};2.99;"{'A': '[(1628, 1662);(1668, 1718);(1728, 1796);(1807, 1909);(1913, 2020);(2036, 2042);(2051, 2071);(2091, 2158);(2165, 2250);(2261, 2306);(2314, 2397);(2408, 2477)]'}";NA
7LI3;2021-01-26;ELECTRON MICROSCOPY;NA;"GUANOSINE-5'-DIPHOSPHATE, chain A;ADENOSINE-5'-TRIPHOSPHATE, chain A";['S1647T', 'G2019S', 'M2397T'];0;{};3.8;"{'A': '[(981, 1457);(1463, 1630);(1642, 1659);(1668, 1720);(1726, 2027);(2031, 2527)]'}";NA
8TZG;2023-08-26;ELECTRON MICROSCOPY;NA;"(2~{R},6~{S})-2,6-dimethyl-4-[6-[5-(1-methylcyclopropyl)oxy-1~{H}-indazol-3-yl]pyrimidin-4-yl]morpholine, chain A;GUANOSINE-5'-DIPHOSPHATE, chain A;MAGNESIUM ION, chain A";['I2020T'];5;{};2.7;"{'A': '[(1646, 1722);(1726, 1754);(1760, 1796);(1806, 1842);(1850, 2087);(2090, 2141);(2143, 2157)]'}";NA
6XR4;2020-07-10;ELECTRON MICROSCOPY;NA;NA;['I2020T', 'S2254Q'];5;{'B': ['I2020T', 'S2254Q']};14.0;"{'A': '[(1332, 1514);(1524, 1669);(1690, 1837);(1883, 2135);(2142, 2158);(2164, 2254);(2260, 2305);(2314, 2395)]', 'B': '[(1332, 1514);(1524, 1669);(1690, 1837);(1883, 2135);(2142, 2158);(2164, 2254);(2260, 2305);(2314, 2395)]'}";NA
8TZE;2023-08-26;ELECTRON MICROSCOPY;NA;['4-methyl-N-{4-[(4-methylpiperazin-1-yl)methyl]-3-(trifluoromethyl)phenyl}-3-[(1H-pyrazolo[3,4-b]pyridin-5-yl)ethynyl]benzamide, chain A'];NA;8;NA;2.9;"{'A': '[(1649, 1720);(1727, 1798);(1805, 2020);(2036, 2046);(2050, 2074);(2092, 2160);(2165, 2207);(2212, 2233);(2236, 2250);(2261, 2306);(2313, 2397);(2411, 2477)]'}";NA
8TZB;2023-08-26;ELECTRON MICROSCOPY;NA;['4-methyl-N-{4-[(4-methylpiperazin-1-yl)methyl]-3-(trifluoromethyl)phenyl}-3-[(1H-pyrazolo[3,4-b]pyridin-5-yl)ethynyl]benzamide, chain A'];NA;8;NA;3.1;"{'A': '[(1670, 1718);(1728, 1735);(1738, 1795);(1807, 1909);(1913, 2019)]'}";NA
8TZF;2023-08-26;ELECTRON MICROSCOPY;NA;"GUANOSINE-5'-DIPHOSPHATE, chain A;4-methyl-N-{4-[(4-methylpiperazin-1-yl)methyl]-3-(trifluoromethyl)phenyl}-3-[(1H-pyrazolo[3,4-b]pyridin-5-yl)ethynyl]benzamide, chain A";NA;8;NA;3.4;"{'A': '[(982, 1360);(1364, 1381);(1386, 1614);(1620, 1630);(1644, 1659);(1668, 1713);(1727, 2019)]'}";NA
8TZH;2023-08-26;ELECTRON MICROSCOPY;NA;"(2~{R},6~{S})-2,6-dimethyl-4-[6-[5-(1-methylcyclopropyl)oxy-1~{H}-indazol-3-yl]pyrimidin-4-yl]morpholine, chain A;GUANOSINE-5'-DIPHOSPHATE, chain A";NA;8;NA;3.9;"{'A': '[(983, 1303);(1314, 1354);(1368, 1378);(1388, 1456);(1463, 1490);(1494, 1557);(1561, 1585);(1593, 1612);(1622, 1633);(1643, 1657);(1668, 1675);(1685, 1717);(1727, 1798);(1805, 1817);(1824, 1909);(1911, 2019);(2034, 2045);(2052, 2157)]'}";NA
8TXZ;2023-08-24;ELECTRON MICROSCOPY;NA;"(2~{R},6~{S})-2,6-dimethyl-4-[6-[5-(1-methylcyclopropyl)oxy-1~{H}-indazol-3-yl]pyrimidin-4-yl]morpholine, chain A;GUANOSINE-5'-DIPHOSPHATE, chain A";NA;8;NA;3.05;"{'A': '[(1645, 1722);(1726, 1796);(1806, 1842);(1850, 1909);(1911, 2087);(2089, 2158)]'}";NA
AF-Q5S007-F1-model_v4;2022-06-01;PREDICTED;NA;NA;NA;8;NA;NA;"{'A': '[(13, 24);(31, 93);(95, 95);(115, 145);(148, 154);(158, 244);(248, 279);(281, 325);(349, 392);(394, 472);(476, 476);(478, 513);(528, 528);(530, 573);(575, 576);(578, 615);(623, 684);(688, 736);(743, 750);(754, 764);(767, 767);(769, 793);(802, 806);(808, 808);(810, 819);(835, 847);(983, 1002);(1006, 1304);(1315, 1316);(1318, 1319);(1322, 1322);(1330, 1356);(1370, 1379);(1387, 1396);(1404, 1439);(1441, 1474);(1479, 1511);(1517, 1521);(1523, 1562);(1564, 1564);(1569, 1569);(1571, 1585);(1594, 1610);(1624, 1637);(1641, 1717);(1728, 1755);(1760, 1788);(1792, 1792);(1808, 1836);(1839, 1864);(1866, 1886);(1891, 1908);(1914, 1924);(1927, 2018);(2020, 2022);(2035, 2035);(2038, 2043);(2050, 2069);(2072, 2072);(2091, 2158);(2165, 2250);(2261, 2306);(2314, 2394);(2412, 2463);(2467, 2476);(2490, 2521)]'}";NA
7THZ;2022-01-12;ELECTRON MICROSCOPY;NA;"[""GUANOSINE-5'-DIPHOSPHATE, chain A""]";NA;8;NA;5.0;{'A': '[(1332, 1525)]'};NA
7THY;2022-01-12;ELECTRON MICROSCOPY;NA;"[""GUANOSINE-5'-DIPHOSPHATE, chain A""]";NA;8;NA;5.2;{'A': '[(1332, 1525)]'};NA
6VP6;2020-02-01;ELECTRON MICROSCOPY;NA;"GUANOSINE-5'-DIPHOSPHATE, chain A;MAGNESIUM ION, chain A";NA;8;NA;3.47;"{'A': '[(1412, 1586);(1589, 1613);(1624, 1720);(1727, 1796);(1807, 2019);(2036, 2160);(2165, 2250);(2261, 2306);(2313, 2397);(2408, 2477)]', 'B': '[(1670, 1720);(1727, 1796);(1807, 1950)]', 'C': '[(2140, 2160);(2165, 2250);(2261, 2306);(2313, 2397);(2408, 2477)]'}";NA
6VP7;2020-02-01;ELECTRON MICROSCOPY;NA;NA;NA;8;NA;3.5;"{'A': '[(1412, 1586);(1589, 1613);(1624, 1720);(1727, 1796);(1807, 2019);(2036, 2160);(2165, 2250);(2261, 2306);(2313, 2397);(2408, 2477)]'}";NA
6VNO;2020-01-29;ELECTRON MICROSCOPY;NA;"GUANOSINE-5'-DIPHOSPHATE, chain A;MAGNESIUM ION, chain A";NA;8;NA;3.5;"{'A': '[(1412, 1586);(1589, 1613);(1624, 1720);(1727, 1796);(1807, 2019);(2036, 2160);(2165, 2250);(2261, 2306);(2313, 2397);(2408, 2477)]'}";NA
6OJE;2019-04-11;X-RAY DIFFRACTION;NA;"MAGNESIUM ION, chain A,B;GUANOSINE-5'-DIPHOSPHATE, chain A,B";NA;8;NA;1.95;{'A': '[(1333, 1518)]', 'B': '[(1333, 1519)]'};NA
6DLO;2018-06-02;X-RAY DIFFRACTION;NA;NA;NA;8;NA;2.7;"{'A': '[(2164, 2253);(2259, 2305);(2314, 2395)]', 'B': '[(2165, 2251);(2260, 2304);(2314, 2395)]'}";NA
6DLP;2018-06-02;X-RAY DIFFRACTION;NA;['PLATINUM (II) ION, chain A,B'];NA;8;NA;4.0;"{'A': '[(2164, 2253);(2259, 2305);(2314, 2395)]', 'B': '[(2165, 2251);(2260, 2304);(2314, 2395)]'}";NA
5MYC;2017-01-26;X-RAY DIFFRACTION;"['1433S_HUMAN, P31947, chain_A;LRRK2_HUMAN, Q5S007, chain_P']";"CALCIUM ION, chain A;CHLORIDE ION, chain A;SODIUM ION, chain A";NA;8;NA;1.459;{'P': '[(911, 918)]'};NA
3D6T;2008-05-20;X-RAY DIFFRACTION;NA;"MAGNESIUM ION, chain B;GUANOSINE-5'-DIPHOSPHATE, chain B";NA;8;NA;2.43;"{'B': '[(1392, 1408);(1410, 1430);(1432, 1458)]'}";NA
2ZEJ;2007-12-13;X-RAY DIFFRACTION;NA;"MAGNESIUM ION, chain A,B;GUANOSINE-5'-DIPHOSPHATE, chain A,B";NA;8;NA;2.0;"{'A': '[(1388, 1408);(1410, 1430);(1432, 1465);(1467, 1511)]', 'B': '[(1388, 1408);(1410, 1430);(1432, 1465);(1467, 1512)]'}";NA
8U8A;2023-09-16;ELECTRON MICROSCOPY;NA;"3-(imidazo[1,2-b]pyridazin-3-ylethynyl)-4-methyl-N-{4-[(4-methylpiperazin-1-yl)methyl]-3-(trifluoromethyl)phenyl}benzam ide, chain B,C;GUANOSINE-5'-DIPHOSPHATE, chain B,C";['S1647T'];9;{'C': ['S1647T']};3.4;"{'B': '[(981, 1358);(1366, 1457);(1463, 1613);(1642, 1659);(1668, 1720);(1726, 1799);(1804, 2020);(2034, 2074);(2091, 2252);(2261, 2396)]', 'C': '[(981, 1358);(1366, 1457);(1463, 1613);(1642, 1659);(1668, 1720);(1726, 1799);(1804, 2020);(2034, 2074);(2091, 2252);(2261, 2396)]'}";NA
8U8B;2023-09-16;ELECTRON MICROSCOPY;NA;"GUANOSINE-5'-DIPHOSPHATE, chain A,B;4-[4-({[3-tert-butyl-1-(quinolin-6-yl)-1H-pyrazol-5-yl]carbamoyl}amino)-3-fluorophenoxy]-N-methylpyridine-2-carboxamide, chain A,B";['S1647T'];9;{'B': ['S1647T']};3.7;"{'A': '[(981, 1358);(1366, 1457);(1463, 1613);(1642, 1659);(1668, 1720);(1726, 1799);(1804, 2020);(2034, 2074);(2091, 2396)]', 'B': '[(981, 1358);(1366, 1457);(1463, 1613);(1642, 1659);(1668, 1720);(1726, 1799);(1804, 2020);(2034, 2074);(2091, 2396)]'}";NA
8U7L;2023-09-15;ELECTRON MICROSCOPY;NA;"GUANOSINE-5'-DIPHOSPHATE, chain A,B;4-methyl-N-{4-[(4-methylpiperazin-1-yl)methyl]-3-(trifluoromethyl)phenyl}-3-[(1H-pyrazolo[3,4-b]pyridin-5-yl)ethynyl]benzamide, chain A,B";['S1647T'];9;{'B': ['S1647T']};3.6;"{'A': '[(981, 1358);(1366, 1457);(1463, 1613);(1642, 1659);(1668, 1720);(1726, 1799);(1804, 2020);(2034, 2074);(2091, 2252);(2261, 2396)]', 'B': '[(981, 1358);(1366, 1457);(1463, 1613);(1642, 1659);(1668, 1720);(1726, 1799);(1804, 2020);(2034, 2074);(2091, 2252);(2261, 2396)]'}";NA
8SMC;2023-04-26;ELECTRON MICROSCOPY;NA;"GUANOSINE-5'-DIPHOSPHATE, chain C;2-methyl-2-(3-methyl-4-{[4-(methylamino)-5-(trifluoromethyl)pyrimidin-2-yl]amino}-1H-pyrazol-1-yl)propanenitrile, chain C";['M2397T'];9;{};4.02;"{'C': '[(1733, 1796);(1807, 2250);(2259, 2340);(2348, 2397);(2409, 2477)]'}";NA
8FO9;2022-12-30;ELECTRON MICROSCOPY;"['LRRK2_HUMAN, Q5S007, chain_A;RAB7L_HUMAN, O14966, chain_B']";"GUANOSINE-5'-DIPHOSPHATE, chain A,C,E,F;ADENOSINE-5'-TRIPHOSPHATE, chain A,C,E,F";['S1647T', 'M2397T'];9;{'C': ['S1647T', 'M2397T'], 'E': ['S1647T'], 'F': ['S1647T']};3.48;"{'A': '[(1364, 1652);(1658, 2253);(2259, 2399);(2409, 2527)]', 'C': '[(1364, 1652);(1658, 2253);(2259, 2399);(2409, 2527)]', 'E': '[(981, 1457);(1463, 1630);(1642, 1659);(1668, 1720);(1726, 2027);(2031, 2253);(2260, 2396);(2410, 2478);(2487, 2527)]', 'F': '[(981, 1457);(1463, 1630);(1642, 1659);(1668, 1720);(1726, 2027);(2031, 2294);(2299, 2396);(2410, 2478);(2487, 2527)]'}";NA
8FO7;2022-12-29;ELECTRON MICROSCOPY;NA;"GUANOSINE-5'-DIPHOSPHATE, chain C;2-[(2-methoxy-4-{[4-(4-methylpiperazin-1-yl)piperidin-1-yl]carbonyl}phenyl)amino]-5,11-dimethyl-5,11-dihydro-6H-pyrimido[4,5-b][1,4]benzodiazepin-6-one, chain C";['S1647T', 'M1732R', 'M2397T'];9;{};3.52;"{'C': '[(1365, 1613);(1623, 1652);(1658, 1662);(1666, 1798);(1806, 2253);(2259, 2397);(2409, 2477)]'}";NA
8FO8;2022-12-29;ELECTRON MICROSCOPY;"['RAB7L_HUMAN, O14966, chain_A;LRRK2_HUMAN, Q5S007, chain_C']";"GUANOSINE-5'-DIPHOSPHATE, chain C,E;ADENOSINE-5'-TRIPHOSPHATE, chain C,E";['S1647T'];9;{'E': ['S1647T']};3.88;"{'C': '[(982, 1457);(1463, 1614);(1622, 1630);(1642, 1659);(1668, 1720);(1726, 2027);(2031, 2126);(2128, 2159);(2161, 2253);(2260, 2396);(2409, 2478);(2487, 2527)]', 'E': '[(982, 1457);(1463, 1614);(1622, 1630);(1642, 1659);(1668, 1720);(1726, 2027);(2031, 2126);(2128, 2159);(2161, 2253);(2260, 2396);(2409, 2478);(2487, 2527)]'}";NA
8FO2;2022-12-29;ELECTRON MICROSCOPY;"['RAB7L_HUMAN, O14966, chain_B;LRRK2_HUMAN, Q5S007, chain_E']";"MAGNESIUM ION, chain B;PHOSPHOAMINOPHOSPHONIC ACID-GUANYLATE ESTER, chain B;GUANOSINE-5'-DIPHOSPHATE, chain E;ADENOSINE-5'-TRIPHOSPHATE, chain E";['S1647T'];9;{};4.13;"{'E': '[(982, 1457);(1463, 1614);(1622, 1630);(1642, 1659);(1668, 1720);(1726, 2027);(2031, 2126);(2128, 2159);(2161, 2253);(2260, 2396);(2407, 2407);(2409, 2478);(2487, 2527)]'}";NA
7LI4;2021-01-26;ELECTRON MICROSCOPY;NA;"GUANOSINE-5'-DIPHOSPHATE, chain A;ADENOSINE-5'-TRIPHOSPHATE, chain A";['S1647T', 'M2397T'];9;{};3.1;"{'A': '[(981, 1457);(1463, 1630);(1642, 1659);(1668, 1720);(1726, 2027);(2031, 2527)]'}";NA
7LHT;2021-01-26;ELECTRON MICROSCOPY;NA;"GUANOSINE-5'-DIPHOSPHATE, chain A,B;ADENOSINE-5'-TRIPHOSPHATE, chain A,B";['S1647T', 'M2397T'];9;{'B': ['S1647T', 'M2397T']};3.5;"{'A': '[(981, 1457);(1463, 1630);(1642, 1659);(1668, 1720);(1726, 2027);(2031, 2527)]', 'B': '[(981, 1457);(1463, 1630);(1642, 1659);(1668, 1720);(1726, 2027);(2031, 2527)]'}";NA
7LHW;2021-01-26;ELECTRON MICROSCOPY;NA;"GUANOSINE-5'-DIPHOSPHATE, chain A;ADENOSINE-5'-TRIPHOSPHATE, chain A";['S1647T', 'M2397T'];9;{};3.7;"{'A': '[(981, 1457);(1463, 1630);(1642, 1659);(1668, 1720);(1726, 2027);(2031, 2527)]'}";NA
6XAF;2020-06-04;X-RAY DIFFRACTION;NA;"MAGNESIUM ION, chain A,B;GUANOSINE-5'-DIPHOSPHATE, chain A,B";['R1398H', 'K1460A', 'K1463A'];9;{'B': ['R1398H', 'K1460A', 'K1463A']};1.968;{'A': '[(1365, 1514)]', 'B': '[(1365, 1515)]'};NA
6OJF;2019-04-11;X-RAY DIFFRACTION;NA;"MAGNESIUM ION, chain A,B;GUANOSINE-5'-DIPHOSPHATE, chain A,B";['K1460A', 'K1463A'];9;{'B': ['K1460A', 'K1463A']};1.6;{'A': '[(1332, 1519)]', 'B': '[(1332, 1517)]'};NA
